{
  "name": "nano_s4",
  "n_refs": 5,
  "M": 10,
  "source_centers": [
    [
      0.15,
      0.85
    ],
    [
      0.85,
      0.15
    ]
  ],
  "training_losses": [
    9.040019035339355,
    28.177759170532227,
    10.34982681274414,
    9.837324142456055,
    12.51374340057373
  ],
  "criterion_final": -0.013480800203979015,
  "criterion_grid": -0.020123466849327087,
  "criterion_random_mean": -0.020905736042186616,
  "criterion_random_std": 0.0036798862324479327,
  "grad_norm_final": 0.005486421752721071
}