{
  "name": "nano_s2",
  "n_refs": 5,
  "M": 12,
  "source_centers": [
    [
      0.3,
      0.6
    ],
    [
      0.7,
      0.4
    ]
  ],
  "training_losses": [
    8.995217323303223,
    16.210216522216797,
    7.072461128234863,
    6.247427463531494,
    19.774877548217773
  ],
  "criterion_final": -0.012875894084572792,
  "criterion_grid": -0.015860920771956444,
  "criterion_random_mean": -0.020283389929682018,
  "criterion_random_std": 0.0024240683041430395,
  "grad_norm_final": 0.006518131121993065
}