{
  "name": "nano_s1",
  "n_refs": 5,
  "M": 16,
  "source_centers": [
    [
      0.2,
      0.8
    ],
    [
      0.8,
      0.2
    ]
  ],
  "training_losses": [
    12.684388160705566,
    3.9942104816436768,
    12.784198760986328,
    22.638200759887695,
    17.483617782592773
  ],
  "criterion_final": -0.012004641816020012,
  "criterion_grid": -0.011821964755654335,
  "criterion_random_mean": -0.017025115061551334,
  "criterion_random_std": 0.0017127320806005666,
  "grad_norm_final": 0.005347540136426687
}