{
  "name": "nano_s3",
  "n_refs": 5,
  "M": 20,
  "source_centers": [
    [
      0.25,
      0.25
    ],
    [
      0.75,
      0.75
    ]
  ],
  "training_losses": [
    17.912139892578125,
    7.652050971984863,
    7.935746192932129,
    7.512121677398682,
    3.9206478595733643
  ],
  "criterion_final": -0.01101316325366497,
  "criterion_grid": -0.0123905586078763,
  "criterion_random_mean": -0.015505544748157263,
  "criterion_random_std": 0.0011138147632736215,
  "grad_norm_final": 0.006782923825085163
}