{
  "scenarios": [
    {
      "name": "nano_s1",
      "n_refs": 5,
      "M": 16,
      "source_centers": [
        [
          0.2,
          0.8
        ],
        [
          0.8,
          0.2
        ]
      ],
      "training_losses": [
        12.684388160705566,
        3.9942104816436768,
        12.784198760986328,
        22.638200759887695,
        17.483617782592773
      ],
      "criterion_final": -0.012004641816020012,
      "criterion_grid": -0.011821964755654335,
      "criterion_random_mean": -0.017025115061551334,
      "criterion_random_std": 0.0017127320806005666,
      "grad_norm_final": 0.005347540136426687
    },
    {
      "name": "nano_s2",
      "n_refs": 5,
      "M": 12,
      "source_centers": [
        [
          0.3,
          0.6
        ],
        [
          0.7,
          0.4
        ]
      ],
      "training_losses": [
        8.995217323303223,
        16.210216522216797,
        7.072461128234863,
        6.247427463531494,
        19.774877548217773
      ],
      "criterion_final": -0.012875894084572792,
      "criterion_grid": -0.015860920771956444,
      "criterion_random_mean": -0.020283389929682018,
      "criterion_random_std": 0.0024240683041430395,
      "grad_norm_final": 0.006518131121993065
    },
    {
      "name": "nano_s3",
      "n_refs": 5,
      "M": 20,
      "source_centers": [
        [
          0.25,
          0.25
        ],
        [
          0.75,
          0.75
        ]
      ],
      "training_losses": [
        17.912139892578125,
        7.652050971984863,
        7.935746192932129,
        7.512121677398682,
        3.9206478595733643
      ],
      "criterion_final": -0.01101316325366497,
      "criterion_grid": -0.0123905586078763,
      "criterion_random_mean": -0.015505544748157263,
      "criterion_random_std": 0.0011138147632736215,
      "grad_norm_final": 0.006782923825085163
    },
    {
      "name": "nano_s4",
      "n_refs": 5,
      "M": 10,
      "source_centers": [
        [
          0.15,
          0.85
        ],
        [
          0.85,
          0.15
        ]
      ],
      "training_losses": [
        9.040019035339355,
        28.177759170532227,
        10.34982681274414,
        9.837324142456055,
        12.51374340057373
      ],
      "criterion_final": -0.013480800203979015,
      "criterion_grid": -0.020123466849327087,
      "criterion_random_mean": -0.020905736042186616,
      "criterion_random_std": 0.0036798862324479327,
      "grad_norm_final": 0.005486421752721071
    }
  ]
}